SUBJECT,RELATION,OBJECT
860,similarTo,65
957,similarTo,928
846,similarTo,458
863,similarTo,900
740,similarTo,822
801,similarTo,543
840,similarTo,415
823,similarTo,949
750,similarTo,833
835,similarTo,196
359,similarTo,854
806,similarTo,931
799,similarTo,219
832,similarTo,431
937,similarTo,885
870,similarTo,746
957,similarTo,983
176,similarTo,802
877,similarTo,181
879,similarTo,449
863,similarTo,943
1011,similarTo,1028
832,similarTo,308
863,similarTo,162
824,similarTo,486
826,similarTo,80
863,similarTo,953
957,similarTo,1001
799,similarTo,647
803,similarTo,50
823,similarTo,472
163,similarTo,816
799,similarTo,33
833,similarTo,767
843,similarTo,179
822,similarTo,124
813,similarTo,33
828,similarTo,857
826,similarTo,200
649,similarTo,878
311,similarTo,884
810,similarTo,133
822,similarTo,124
7,similarTo,816
818,similarTo,191
814,similarTo,914
784,similarTo,856
804,similarTo,658
873,similarTo,321
889,similarTo,282
873,similarTo,948
981,similarTo,999
868,similarTo,120
879,similarTo,198
818,similarTo,0
814,similarTo,351
852,similarTo,896
297,similarTo,869
875,similarTo,386
877,similarTo,181
834,similarTo,273
821,similarTo,329
804,similarTo,698
798,similarTo,743
816,similarTo,265
855,similarTo,43
827,similarTo,626
875,similarTo,167
856,similarTo,336
845,similarTo,744
284,similarTo,861
835,similarTo,815
835,similarTo,165
725,similarTo,885
1012,similarTo,979
617,similarTo,799
802,similarTo,723
727,similarTo,855
860,similarTo,226
357,similarTo,817
584,similarTo,805
873,similarTo,55
1028,similarTo,904
76,similarTo,856
833,similarTo,239
808,similarTo,674
838,similarTo,942
852,similarTo,927
1014,similarTo,985
819,similarTo,317
882,similarTo,948
897,similarTo,825
813,similarTo,600
845,similarTo,941
808,similarTo,83
821,similarTo,714
840,similarTo,172
1025,similarTo,967
835,similarTo,467
220,similarTo,850
885,similarTo,72
865,similarTo,544
845,similarTo,200
611,similarTo,847
857,similarTo,905
271,similarTo,881
437,similarTo,856
402,similarTo,819
851,similarTo,733
202,similarTo,873
847,similarTo,279
868,similarTo,115
819,similarTo,526
815,similarTo,269
800,similarTo,244
714,similarTo,821
801,similarTo,742
809,similarTo,3
821,similarTo,468
1031,similarTo,985
811,similarTo,939
840,similarTo,572
837,similarTo,835
860,similarTo,368
568,similarTo,820
871,similarTo,905
802,similarTo,795
239,similarTo,833
847,similarTo,279
856,similarTo,331
602,similarTo,848
798,similarTo,478
851,similarTo,616
832,similarTo,105
24,similarTo,808
844,similarTo,820
794,similarTo,848
806,similarTo,514
478,similarTo,798
815,similarTo,555
1028,similarTo,960
861,similarTo,904
558,similarTo,811
772,similarTo,808
997,similarTo,1001
820,similarTo,260
843,similarTo,75
518,similarTo,808
1025,similarTo,1017
873,similarTo,706
106,similarTo,803
854,similarTo,151
813,similarTo,429
878,similarTo,780
869,similarTo,73
824,similarTo,219
830,similarTo,815
830,similarTo,585
811,similarTo,68
835,similarTo,829
709,similarTo,830
991,similarTo,985
191,similarTo,818
256,similarTo,856
810,similarTo,809
514,similarTo,806
840,similarTo,292
872,similarTo,229
834,similarTo,648
868,similarTo,20
851,similarTo,77
976,similarTo,996
822,similarTo,740
868,similarTo,120
846,similarTo,776
823,similarTo,53
962,similarTo,1020
800,similarTo,593
208,similarTo,885
865,similarTo,268
26,similarTo,834
814,similarTo,200
184,similarTo,822
690,similarTo,804
841,similarTo,75
722,similarTo,826
194,similarTo,814
307,similarTo,819
826,similarTo,31
1016,similarTo,1025
844,similarTo,904
853,similarTo,9
883,similarTo,96
804,similarTo,295
830,similarTo,820
865,similarTo,399
528,similarTo,851
997,similarTo,1032
806,similarTo,166
860,similarTo,368
685,similarTo,839
865,similarTo,548
814,similarTo,175
850,similarTo,923
479,similarTo,821
823,similarTo,272
830,similarTo,957
885,similarTo,937
839,similarTo,781
804,similarTo,388
293,similarTo,823
832,similarTo,146
823,similarTo,192
871,similarTo,957
883,similarTo,255
817,similarTo,18
779,similarTo,805
879,similarTo,321
672,similarTo,861
856,similarTo,187
885,similarTo,72
608,similarTo,805
819,similarTo,402
870,similarTo,950
872,similarTo,229
848,similarTo,234
6,similarTo,805
724,similarTo,832
848,similarTo,305
830,similarTo,709
839,similarTo,560
851,similarTo,314
961,similarTo,978
872,similarTo,35
863,similarTo,204
462,similarTo,884
976,similarTo,1023
844,similarTo,609
800,similarTo,396
888,similarTo,334
844,similarTo,288
799,similarTo,201
799,similarTo,103
841,similarTo,640
309,similarTo,805
859,similarTo,946
825,similarTo,634
839,similarTo,123
868,similarTo,306
218,similarTo,798
1003,similarTo,960
815,similarTo,835
844,similarTo,398
993,similarTo,977
808,similarTo,775
868,similarTo,936
1024,similarTo,978
849,similarTo,200
811,similarTo,447
411,similarTo,818
820,similarTo,568
362,similarTo,854
51,similarTo,889
848,similarTo,326
368,similarTo,860
801,similarTo,840
869,similarTo,241
833,similarTo,957
816,similarTo,71
802,similarTo,635
637,similarTo,817
9,similarTo,853
825,similarTo,915
807,similarTo,515
839,similarTo,277
805,similarTo,584
981,similarTo,273
878,similarTo,344
791,similarTo,823
636,similarTo,820
860,similarTo,549
982,similarTo,962
815,similarTo,196
716,similarTo,798
861,similarTo,751
697,similarTo,875
854,similarTo,161
866,similarTo,660
873,similarTo,449
225,similarTo,878
823,similarTo,569
804,similarTo,452
109,similarTo,816
850,similarTo,669
168,similarTo,850
833,similarTo,382
393,similarTo,861
835,similarTo,467
811,similarTo,558
1028,similarTo,959
873,similarTo,777
464,similarTo,840
753,similarTo,873
825,similarTo,894
782,similarTo,840
815,similarTo,242
883,similarTo,142
814,similarTo,153
845,similarTo,760
844,similarTo,920
825,similarTo,897
997,similarTo,975
854,similarTo,116
813,similarTo,461
816,similarTo,641
1000,similarTo,960
830,similarTo,470
830,similarTo,738
752,similarTo,805
874,similarTo,355
843,similarTo,171
838,similarTo,576
846,similarTo,551
845,similarTo,473
835,similarTo,5
858,similarTo,38
810,similarTo,762
821,similarTo,285
678,similarTo,819
800,similarTo,425
815,similarTo,834
869,similarTo,354
871,similarTo,904
845,similarTo,875
808,similarTo,310
815,similarTo,830
863,similarTo,900
801,similarTo,389
567,similarTo,824
460,similarTo,826
886,similarTo,507
915,similarTo,825
817,similarTo,357
169,similarTo,880
820,similarTo,835
686,similarTo,861
571,similarTo,848
816,similarTo,7
981,similarTo,988
819,similarTo,367
974,similarTo,976
909,similarTo,814
852,similarTo,456
331,similarTo,856
834,similarTo,871
860,similarTo,107
749,similarTo,869
323,similarTo,849
853,similarTo,521
756,similarTo,808
852,similarTo,465
190,similarTo,812
846,similarTo,656
813,similarTo,428
860,similarTo,44
471,similarTo,804
855,similarTo,223
768,similarTo,846
826,similarTo,508
790,similarTo,826
603,similarTo,799
801,similarTo,281
814,similarTo,203
855,similarTo,812
100,similarTo,855
867,similarTo,904
813,similarTo,88
880,similarTo,932
819,similarTo,469
257,similarTo,848
814,similarTo,439
1028,similarTo,1006
143,similarTo,814
978,similarTo,1024
819,similarTo,307
1009,similarTo,962
606,similarTo,889
799,similarTo,670
873,similarTo,202
551,similarTo,846
871,similarTo,576
834,similarTo,940
406,similarTo,855
367,similarTo,819
823,similarTo,200
808,similarTo,538
888,similarTo,683
741,similarTo,879
833,similarTo,450
805,similarTo,597
885,similarTo,557
826,similarTo,89
857,similarTo,410
799,similarTo,603
832,similarTo,146
846,similarTo,742
805,similarTo,691
811,similarTo,12
813,similarTo,797
856,similarTo,524
854,similarTo,574
826,similarTo,298
819,similarTo,317
875,similarTo,167
34,similarTo,851
848,similarTo,148
839,similarTo,659
802,similarTo,590
810,similarTo,274
251,similarTo,869
519,similarTo,821
221,similarTo,808
962,similarTo,1020
813,similarTo,21
846,similarTo,671
802,similarTo,442
805,similarTo,374
808,similarTo,113
1010,similarTo,962
870,similarTo,746
845,similarTo,766
499,similarTo,810
888,similarTo,586
981,similarTo,984
845,similarTo,476
833,similarTo,440
445,similarTo,830
846,similarTo,522
823,similarTo,949
840,similarTo,588
855,similarTo,262
851,similarTo,296
813,similarTo,461
463,similarTo,813
282,similarTo,889
818,similarTo,191
804,similarTo,388
292,similarTo,840
497,similarTo,814
820,similarTo,260
810,similarTo,901
842,similarTo,131
856,similarTo,249
329,similarTo,821
624,similarTo,883
798,similarTo,58
808,similarTo,310
845,similarTo,243
993,similarTo,904
808,similarTo,24
199,similarTo,851
813,similarTo,503
515,similarTo,807
811,similarTo,316
835,similarTo,956
844,similarTo,127
854,similarTo,545
916,similarTo,811
840,similarTo,748
173,similarTo,884
855,similarTo,230
838,similarTo,196
1028,similarTo,941
851,similarTo,417
882,similarTo,874
835,similarTo,904
853,similarTo,521
923,similarTo,850
812,similarTo,63
957,similarTo,904
298,similarTo,826
736,similarTo,857
856,similarTo,531
854,similarTo,154
525,similarTo,856
622,similarTo,859
334,similarTo,888
482,similarTo,878
867,similarTo,576
294,similarTo,803
843,similarTo,267
976,similarTo,971
824,similarTo,934
855,similarTo,100
582,similarTo,822
819,similarTo,402
410,similarTo,857
747,similarTo,876
840,similarTo,422
808,similarTo,775
802,similarTo,348
847,similarTo,611
823,similarTo,293
856,similarTo,784
848,similarTo,493
662,similarTo,839
802,similarTo,134
819,similarTo,720
267,similarTo,843
780,similarTo,878
839,similarTo,662
833,similarTo,750
860,similarTo,774
856,similarTo,870
886,similarTo,580
851,similarTo,199
806,similarTo,423
13,similarTo,808
882,similarTo,449
862,similarTo,17
473,similarTo,845
436,similarTo,878
960,similarTo,904
810,similarTo,796
656,similarTo,846
828,similarTo,837
807,similarTo,771
815,similarTo,952
801,similarTo,707
805,similarTo,597
839,similarTo,277
112,similarTo,846
553,similarTo,822
711,similarTo,812
833,similarTo,36
835,similarTo,165
37,similarTo,873
388,similarTo,804
818,similarTo,411
803,similarTo,294
854,similarTo,911
840,similarTo,572
798,similarTo,14
993,similarTo,1022
844,similarTo,366
826,similarTo,31
804,similarTo,658
861,similarTo,993
821,similarTo,278
840,similarTo,745
532,similarTo,824
820,similarTo,426
838,similarTo,904
835,similarTo,533
810,similarTo,938
285,similarTo,821
857,similarTo,815
354,similarTo,869
848,similarTo,257
833,similarTo,610
480,similarTo,814
857,similarTo,732
842,similarTo,179
804,similarTo,561
353,similarTo,831
832,similarTo,895
710,similarTo,807
847,similarTo,705
803,similarTo,365
801,similarTo,543
824,similarTo,567
820,similarTo,196
46,similarTo,857
11,similarTo,802
310,similarTo,808
840,similarTo,931
831,similarTo,353
97,similarTo,850
552,similarTo,826
863,similarTo,335
867,similarTo,957
848,similarTo,305
830,similarTo,23
866,similarTo,441
63,similarTo,812
839,similarTo,693
798,similarTo,90
351,similarTo,814
824,similarTo,1
850,similarTo,343
813,similarTo,667
868,similarTo,289
857,similarTo,578
816,similarTo,332
254,similarTo,801
835,similarTo,820
1033,similarTo,957
870,similarTo,433
847,similarTo,611
808,similarTo,24
787,similarTo,823
799,similarTo,954
884,similarTo,462
835,similarTo,786
850,similarTo,220
995,similarTo,985
848,similarTo,148
869,similarTo,57
831,similarTo,419
683,similarTo,888
616,similarTo,851
743,similarTo,798
839,similarTo,222
625,similarTo,802
862,similarTo,349
868,similarTo,585
835,similarTo,132
820,similarTo,642
885,similarTo,557
848,similarTo,474
935,similarTo,885
810,similarTo,240
803,similarTo,270
816,similarTo,163
868,similarTo,813
866,similarTo,902
215,similarTo,833
848,similarTo,571
144,similarTo,846
922,similarTo,851
857,similarTo,630
871,similarTo,196
129,similarTo,839
857,similarTo,207
856,similarTo,256
870,similarTo,19
777,similarTo,873
627,similarTo,846
832,similarTo,214
884,similarTo,770
848,similarTo,675
808,similarTo,113
830,similarTo,23
861,similarTo,851
811,similarTo,901
823,similarTo,791
158,similarTo,856
976,similarTo,974
813,similarTo,300
858,similarTo,387
861,similarTo,104
862,similarTo,206
181,similarTo,877
840,similarTo,10
278,similarTo,821
857,similarTo,127
811,similarTo,591
835,similarTo,27
708,similarTo,819
809,similarTo,3
976,similarTo,971
843,similarTo,267
465,similarTo,852
565,similarTo,884
820,similarTo,236
799,similarTo,66
799,similarTo,61
54,similarTo,852
855,similarTo,223
826,similarTo,236
838,similarTo,835
807,similarTo,502
161,similarTo,854
834,similarTo,62
823,similarTo,272
861,similarTo,739
884,similarTo,770
89,similarTo,826
838,similarTo,834
870,similarTo,856
836,similarTo,904
851,similarTo,922
561,similarTo,804
818,similarTo,721
870,similarTo,546
830,similarTo,809
1012,similarTo,979
850,similarTo,886
850,similarTo,97
103,similarTo,799
151,similarTo,854
994,similarTo,976
829,similarTo,926
876,similarTo,443
865,similarTo,405
805,similarTo,180
1012,similarTo,960
869,similarTo,251
828,similarTo,236
960,similarTo,1019
345,similarTo,805
866,similarTo,660
870,similarTo,217
337,similarTo,820
976,similarTo,994
138,similarTo,850
858,similarTo,763
830,similarTo,5
875,similarTo,628
859,similarTo,755
856,similarTo,695
852,similarTo,248
873,similarTo,595
875,similarTo,766
855,similarTo,41
802,similarTo,348
719,similarTo,798
840,similarTo,718
863,similarTo,665
841,similarTo,179
503,similarTo,813
839,similarTo,629
832,similarTo,652
881,similarTo,918
524,similarTo,856
1017,similarTo,1025
811,similarTo,916
533,similarTo,835
868,similarTo,88
496,similarTo,839
764,similarTo,868
847,similarTo,363
806,similarTo,301
953,similarTo,863
805,similarTo,466
836,similarTo,829
884,similarTo,173
517,similarTo,824
989,similarTo,985
849,similarTo,323
798,similarTo,892
864,similarTo,333
822,similarTo,582
876,similarTo,747
829,similarTo,904
884,similarTo,156
835,similarTo,844
883,similarTo,527
814,similarTo,60
810,similarTo,796
815,similarTo,555
610,similarTo,833
318,similarTo,855
801,similarTo,759
277,similarTo,839
965,similarTo,992
110,similarTo,855
839,similarTo,629
852,similarTo,315
537,similarTo,814
573,similarTo,834
137,similarTo,813
667,similarTo,813
868,similarTo,653
170,similarTo,803
840,similarTo,379
435,similarTo,805
836,similarTo,835
848,similarTo,794
867,similarTo,416
976,similarTo,990
889,similarTo,139
800,similarTo,111
48,similarTo,845
806,similarTo,933
823,similarTo,472
864,similarTo,501
156,similarTo,884
1012,similarTo,980
78,similarTo,814
23,similarTo,830
981,similarTo,1002
808,similarTo,13
832,similarTo,308
856,similarTo,256
912,similarTo,814
832,similarTo,444
832,similarTo,401
816,similarTo,404
846,similarTo,500
332,similarTo,816
529,similarTo,808
838,similarTo,837
854,similarTo,364
828,similarTo,871
155,similarTo,854
808,similarTo,221
876,similarTo,263
813,similarTo,463
125,similarTo,854
885,similarTo,614
814,similarTo,351
815,similarTo,957
846,similarTo,612
373,similarTo,818
855,similarTo,727
852,similarTo,315
133,similarTo,810
834,similarTo,648
857,similarTo,252
885,similarTo,208
1035,similarTo,957
889,similarTo,606
468,similarTo,821
854,similarTo,290
805,similarTo,779
804,similarTo,613
815,similarTo,871
950,similarTo,870
861,similarTo,973
889,similarTo,594
997,similarTo,1005
875,similarTo,628
882,similarTo,881
846,similarTo,216
822,similarTo,740
868,similarTo,33
865,similarTo,942
844,similarTo,398
502,similarTo,807
855,similarTo,418
873,similarTo,556
823,similarTo,53
800,similarTo,378
80,similarTo,826
808,similarTo,221
850,similarTo,923
830,similarTo,27
960,similarTo,1003
812,similarTo,711
798,similarTo,520
813,similarTo,799
808,similarTo,756
871,similarTo,820
844,similarTo,835
798,similarTo,90
861,similarTo,22
825,similarTo,322
17,similarTo,862
816,similarTo,332
857,similarTo,736
834,similarTo,942
801,similarTo,931
343,similarTo,850
799,similarTo,523
993,similarTo,861
798,similarTo,489
812,similarTo,711
878,similarTo,475
856,similarTo,76
808,similarTo,518
877,similarTo,640
798,similarTo,392
823,similarTo,192
814,similarTo,607
798,similarTo,892
985,similarTo,989
861,similarTo,393
873,similarTo,753
864,similarTo,246
450,similarTo,833
965,similarTo,992
846,similarTo,551
839,similarTo,123
811,similarTo,240
888,similarTo,334
824,similarTo,87
755,similarTo,859
680,similarTo,830
802,similarTo,11
783,similarTo,873
874,similarTo,510
868,similarTo,490
864,similarTo,589
880,similarTo,394
851,similarTo,136
543,similarTo,801
849,similarTo,130
356,similarTo,825
856,similarTo,331
659,similarTo,839
845,similarTo,117
973,similarTo,861
889,similarTo,726
886,similarTo,748
819,similarTo,708
964,similarTo,1012
107,similarTo,860
434,similarTo,814
849,similarTo,323
856,similarTo,524
817,similarTo,264
802,similarTo,111
701,similarTo,882
730,similarTo,821
819,similarTo,152
855,similarTo,727
765,similarTo,885
802,similarTo,734
830,similarTo,709
718,similarTo,840
812,similarTo,95
856,similarTo,336
884,similarTo,462
818,similarTo,793
985,similarTo,1014
162,similarTo,863
506,similarTo,803
884,similarTo,565
830,similarTo,235
836,similarTo,576
851,similarTo,136
845,similarTo,760
834,similarTo,573
887,similarTo,74
869,similarTo,297
846,similarTo,898
965,similarTo,960
873,similarTo,550
921,similarTo,823
875,similarTo,386
806,similarTo,933
851,similarTo,149
966,similarTo,962
803,similarTo,170
818,similarTo,259
997,similarTo,1032
569,similarTo,823
857,similarTo,539
744,similarTo,845
846,similarTo,500
822,similarTo,184
546,similarTo,870
793,similarTo,818
807,similarTo,376
805,similarTo,448
855,similarTo,735
816,similarTo,109
414,similarTo,851
813,similarTo,934
833,similarTo,346
869,similarTo,73
895,similarTo,832
851,similarTo,751
232,similarTo,885
862,similarTo,564
811,similarTo,228
549,similarTo,860
566,similarTo,880
824,similarTo,868
805,similarTo,752
833,similarTo,767
108,similarTo,859
851,similarTo,733
836,similarTo,196
849,similarTo,342
807,similarTo,49
597,similarTo,805
778,similarTo,852
856,similarTo,903
913,similarTo,853
58,similarTo,798
805,similarTo,925
865,similarTo,268
1025,similarTo,998
850,similarTo,343
819,similarTo,320
819,similarTo,559
854,similarTo,161
809,similarTo,32
867,similarTo,196
840,similarTo,646
523,similarTo,799
873,similarTo,556
855,similarTo,110
826,similarTo,324
444,similarTo,832
803,similarTo,106
878,similarTo,200
217,similarTo,870
863,similarTo,943
831,similarTo,576
814,similarTo,919
978,similarTo,961
985,similarTo,1008
322,similarTo,825
632,similarTo,807
849,similarTo,185
842,similarTo,640
864,similarTo,328
863,similarTo,162
885,similarTo,395
813,similarTo,463
838,similarTo,957
962,similarTo,1010
865,similarTo,826
803,similarTo,145
145,similarTo,803
869,similarTo,869
835,similarTo,492
851,similarTo,34
853,similarTo,913
850,similarTo,168
825,similarTo,915
813,similarTo,21
869,similarTo,29
857,similarTo,904
409,similarTo,819
828,similarTo,904
835,similarTo,578
843,similarTo,640
818,similarTo,599
820,similarTo,957
876,similarTo,747
835,similarTo,492
861,similarTo,644
815,similarTo,773
820,similarTo,815
830,similarTo,857
428,similarTo,813
863,similarTo,703
818,similarTo,789
838,similarTo,815
814,similarTo,78
816,similarTo,513
860,similarTo,818
888,similarTo,683
889,similarTo,139
723,similarTo,802
884,similarTo,300
802,similarTo,886
865,similarTo,904
885,similarTo,98
820,similarTo,426
889,similarTo,51
962,similarTo,1007
1019,similarTo,960
810,similarTo,591
805,similarTo,435
820,similarTo,544
805,similarTo,345
397,similarTo,808
670,similarTo,799
1025,similarTo,1030
738,similarTo,830
818,similarTo,373
679,similarTo,861
848,similarTo,360
457,similarTo,802
870,similarTo,930
815,similarTo,820
831,similarTo,857
825,similarTo,731
886,similarTo,931
818,similarTo,793
874,similarTo,403
845,similarTo,808
832,similarTo,534
810,similarTo,250
814,similarTo,909
850,similarTo,669
870,similarTo,904
871,similarTo,578
819,similarTo,307
972,similarTo,981
802,similarTo,625
821,similarTo,519
820,similarTo,871
814,similarTo,480
821,similarTo,654
960,similarTo,1036
128,similarTo,826
607,similarTo,814
8,similarTo,803
852,similarTo,896
805,similarTo,448
823,similarTo,102
45,similarTo,849
1028,similarTo,1011
861,similarTo,339
669,similarTo,850
805,similarTo,180
857,similarTo,792
854,similarTo,362
981,similarTo,1002
861,similarTo,284
865,similarTo,399
801,similarTo,14
870,similarTo,19
789,similarTo,818
802,similarTo,327
884,similarTo,311
866,similarTo,917
834,similarTo,587
856,similarTo,525
888,similarTo,102
848,similarTo,234
814,similarTo,143
809,similarTo,694
382,similarTo,833
705,similarTo,847
842,similarTo,563
965,similarTo,904
832,similarTo,209
252,similarTo,857
360,similarTo,848
925,similarTo,805
657,similarTo,863
287,similarTo,823
854,similarTo,545
816,similarTo,513
814,similarTo,60
654,similarTo,821
865,similarTo,581
849,similarTo,302
832,similarTo,453
223,similarTo,855
798,similarTo,247
873,similarTo,227
857,similarTo,956
832,similarTo,724
201,similarTo,799
832,similarTo,488
848,similarTo,493
852,similarTo,370
861,similarTo,826
864,similarTo,361
629,similarTo,839
981,similarTo,1013
874,similarTo,171
962,similarTo,321
500,similarTo,846
881,similarTo,271
474,similarTo,848
536,similarTo,847
857,similarTo,539
875,similarTo,697
879,similarTo,741
810,similarTo,228
993,similarTo,578
85,similarTo,819
803,similarTo,8
965,similarTo,936
55,similarTo,873
818,similarTo,411
873,similarTo,319
802,similarTo,244
855,similarTo,406
209,similarTo,832
869,similarTo,354
859,similarTo,370
443,similarTo,876
834,similarTo,837
268,similarTo,865
826,similarTo,508
854,similarTo,290
197,similarTo,869
976,similarTo,994
803,similarTo,212
59,similarTo,850
399,similarTo,865
868,similarTo,306
522,similarTo,846
875,similarTo,910
873,similarTo,783
805,similarTo,210
101,similarTo,854
957,similarTo,1035
2,similarTo,876
859,similarTo,622
813,similarTo,924
962,similarTo,1009
871,similarTo,815
854,similarTo,313
407,similarTo,839
819,similarTo,367
594,similarTo,889
837,similarTo,576
833,similarTo,610
873,similarTo,451
821,similarTo,391
946,similarTo,859
885,similarTo,725
899,similarTo,852
825,similarTo,52
873,similarTo,643
865,similarTo,829
857,similarTo,630
810,similarTo,499
570,similarTo,876
860,similarTo,4
420,similarTo,798
808,similarTo,575
286,similarTo,818
786,similarTo,835
831,similarTo,905
798,similarTo,116
814,similarTo,153
834,similarTo,430
962,similarTo,966
868,similarTo,20
846,similarTo,627
842,similarTo,171
371,similarTo,843
863,similarTo,703
824,similarTo,955
835,similarTo,601
739,similarTo,861
635,similarTo,802
483,similarTo,815
854,similarTo,125
965,similarTo,1030
981,similarTo,984
477,similarTo,848
863,similarTo,657
803,similarTo,931
885,similarTo,765
851,similarTo,922
870,similarTo,200
837,similarTo,956
32,similarTo,809
69,similarTo,886
818,similarTo,761
885,similarTo,935
985,similarTo,1031
848,similarTo,715
821,similarTo,519
839,similarTo,659
841,similarTo,171
820,similarTo,732
559,similarTo,819
259,similarTo,818
827,similarTo,907
1004,similarTo,1012
960,similarTo,815
870,similarTo,126
82,similarTo,816
1023,similarTo,976
655,similarTo,815
968,similarTo,1025
193,similarTo,832
862,similarTo,638
851,similarTo,296
854,similarTo,101
839,similarTo,693
803,similarTo,106
870,similarTo,918
830,similarTo,732
838,similarTo,820
810,similarTo,68
852,similarTo,91
962,similarTo,1007
802,similarTo,457
820,similarTo,904
815,similarTo,655
1012,similarTo,970
811,similarTo,70
846,similarTo,898
811,similarTo,12
836,similarTo,940
811,similarTo,338
997,similarTo,975
861,similarTo,672
134,similarTo,802
808,similarTo,699
788,similarTo,840
735,similarTo,855
835,similarTo,533
105,similarTo,832
848,similarTo,675
854,similarTo,364
0,similarTo,818
815,similarTo,269
851,similarTo,528
814,similarTo,178
824,similarTo,532
823,similarTo,438
846,similarTo,522
1027,similarTo,976
819,similarTo,689
136,similarTo,851
826,similarTo,89
822,similarTo,553
878,similarTo,436
960,similarTo,960
615,similarTo,856
626,similarTo,827
981,similarTo,1013
830,similarTo,445
808,similarTo,792
845,similarTo,117
224,similarTo,805
818,similarTo,286
816,similarTo,931
77,similarTo,851
848,similarTo,684
803,similarTo,211
378,similarTo,800
856,similarTo,906
833,similarTo,450
883,similarTo,527
833,similarTo,440
877,similarTo,171
814,similarTo,891
441,similarTo,866
253,similarTo,808
874,similarTo,403
879,similarTo,370
849,similarTo,130
583,similarTo,825
852,similarTo,140
817,similarTo,264
833,similarTo,280
873,similarTo,37
885,similarTo,232
846,similarTo,144
873,similarTo,451
851,similarTo,15
960,similarTo,1000
438,similarTo,823
849,similarTo,404
810,similarTo,712
819,similarTo,320
878,similarTo,649
852,similarTo,54
819,similarTo,200
806,similarTo,631
889,similarTo,696
860,similarTo,226
1034,similarTo,985
833,similarTo,183
798,similarTo,261
832,similarTo,453
976,similarTo,974
844,similarTo,940
798,similarTo,218
203,similarTo,814
279,similarTo,847
401,similarTo,832
876,similarTo,459
390,similarTo,852
831,similarTo,835
979,similarTo,1012
237,similarTo,818
673,similarTo,845
432,similarTo,859
850,similarTo,59
997,similarTo,987
960,similarTo,62
814,similarTo,607
802,similarTo,625
18,similarTo,817
976,similarTo,1023
894,similarTo,825
810,similarTo,133
289,similarTo,868
25,similarTo,845
823,similarTo,287
850,similarTo,168
1012,similarTo,970
413,similarTo,808
969,similarTo,957
867,similarTo,213
104,similarTo,861
834,similarTo,835
834,similarTo,732
863,similarTo,953
885,similarTo,39
820,similarTo,337
826,similarTo,620
865,similarTo,815
832,similarTo,214
290,similarTo,854
876,similarTo,570
943,similarTo,863
47,similarTo,878
864,similarTo,704
694,similarTo,809
511,similarTo,863
813,similarTo,141
849,similarTo,74
887,similarTo,931
818,similarTo,286
734,similarTo,802
324,similarTo,826
957,similarTo,1035
799,similarTo,813
869,similarTo,604
800,similarTo,50
835,similarTo,926
845,similarTo,673
91,similarTo,852
805,similarTo,304
951,similarTo,806
231,similarTo,873
862,similarTo,40
854,similarTo,812
876,similarTo,876
560,similarTo,839
19,similarTo,870
803,similarTo,530
855,similarTo,318
1018,similarTo,962
854,similarTo,362
715,similarTo,848
862,similarTo,541
873,similarTo,485
814,similarTo,912
808,similarTo,529
864,similarTo,501
818,similarTo,259
891,similarTo,814
886,similarTo,69
806,similarTo,423
376,similarTo,807
825,similarTo,322
319,similarTo,873
805,similarTo,466
61,similarTo,799
820,similarTo,337
1028,similarTo,986
811,similarTo,558
205,similarTo,813
978,similarTo,960
149,similarTo,851
562,similarTo,852
877,similarTo,380
960,similarTo,1019
823,similarTo,890
804,similarTo,561
805,similarTo,94
633,similarTo,839
320,similarTo,819
852,similarTo,91
855,similarTo,406
834,similarTo,815
802,similarTo,495
848,similarTo,516
818,similarTo,237
472,similarTo,823
120,similarTo,868
803,similarTo,164
760,similarTo,845
814,similarTo,194
361,similarTo,864
119,similarTo,821
830,similarTo,445
830,similarTo,680
967,similarTo,1025
962,similarTo,982
821,similarTo,730
957,similarTo,969
341,similarTo,848
773,similarTo,815
840,similarTo,646
813,similarTo,182
810,similarTo,939
889,similarTo,487
859,similarTo,946
818,similarTo,774
816,similarTo,109
172,similarTo,840
803,similarTo,506
851,similarTo,682
1028,similarTo,1021
878,similarTo,482
856,similarTo,405
275,similarTo,804
1007,similarTo,962
809,similarTo,758
818,similarTo,713
842,similarTo,380
871,similarTo,830
832,similarTo,534
835,similarTo,427
823,similarTo,569
805,similarTo,374
806,similarTo,951
872,similarTo,829
86,similarTo,861
865,similarTo,835
819,similarTo,152
960,similarTo,1003
855,similarTo,230
813,similarTo,325
814,similarTo,919
986,similarTo,1028
840,similarTo,292
456,similarTo,852
806,similarTo,301
848,similarTo,571
758,similarTo,809
802,similarTo,785
833,similarTo,382
630,similarTo,857
835,similarTo,540
805,similarTo,224
850,similarTo,303
889,similarTo,696
555,similarTo,815
808,similarTo,83
819,similarTo,650
16,similarTo,804
844,similarTo,579
861,similarTo,454
283,similarTo,862
959,similarTo,1028
846,similarTo,481
775,similarTo,808
152,similarTo,819
564,similarTo,862
823,similarTo,886
815,similarTo,35
853,similarTo,200
804,similarTo,42
845,similarTo,904
823,similarTo,921
855,similarTo,910
481,similarTo,846
868,similarTo,490
826,similarTo,494
859,similarTo,498
641,similarTo,816
305,similarTo,848
29,similarTo,869
859,similarTo,947
804,similarTo,826
851,similarTo,149
839,similarTo,407
771,similarTo,807
833,similarTo,346
842,similarTo,75
333,similarTo,864
840,similarTo,745
186,similarTo,882
805,similarTo,608
73,similarTo,869
823,similarTo,287
848,similarTo,715
759,similarTo,801
854,similarTo,155
614,similarTo,885
799,similarTo,115
840,similarTo,668
812,similarTo,190
210,similarTo,805
811,similarTo,762
834,similarTo,26
860,similarTo,107
818,similarTo,484
947,similarTo,859
849,similarTo,931
852,similarTo,390
830,similarTo,505
804,similarTo,944
827,similarTo,666
821,similarTo,654
880,similarTo,717
467,similarTo,835
804,similarTo,471
799,similarTo,61
881,similarTo,126
492,similarTo,835
854,similarTo,101
819,similarTo,559
873,similarTo,783
805,similarTo,925
800,similarTo,886
848,similarTo,602
845,similarTo,25
814,similarTo,497
222,similarTo,839
962,similarTo,1009
258,similarTo,824
861,similarTo,512
831,similarTo,353
648,similarTo,834
906,similarTo,856
825,similarTo,384
846,similarTo,400
799,similarTo,955
826,similarTo,957
840,similarTo,464
813,similarTo,137
839,similarTo,633
859,similarTo,755
226,similarTo,860
90,similarTo,798
808,similarTo,413
971,similarTo,976
882,similarTo,701
825,similarTo,583
826,similarTo,722
189,similarTo,804
855,similarTo,446
693,similarTo,839
836,similarTo,905
845,similarTo,25
799,similarTo,200
12,similarTo,811
962,similarTo,578
731,similarTo,825
993,similarTo,960
813,similarTo,728
1029,similarTo,981
885,similarTo,725
861,similarTo,512
878,similarTo,780
130,similarTo,849
695,similarTo,856
803,similarTo,164
957,similarTo,969
853,similarTo,154
985,similarTo,1034
837,similarTo,905
811,similarTo,121
877,similarTo,179
383,similarTo,833
400,similarTo,846
183,similarTo,833
396,similarTo,800
833,similarTo,183
827,similarTo,929
819,similarTo,421
873,similarTo,37
233,similarTo,833
885,similarTo,937
235,similarTo,830
692,similarTo,880
509,similarTo,819
430,similarTo,834
852,similarTo,340
869,similarTo,197
868,similarTo,79
845,similarTo,737
867,similarTo,815
847,similarTo,536
822,similarTo,184
850,similarTo,97
687,similarTo,857
849,similarTo,604
814,similarTo,434
424,similarTo,806
798,similarTo,420
985,similarTo,1014
837,similarTo,941
845,similarTo,744
851,similarTo,22
872,similarTo,455
803,similarTo,294
799,similarTo,88
809,similarTo,694
859,similarTo,432
874,similarTo,75
491,similarTo,860
819,similarTo,409
174,similarTo,855
827,similarTo,907
675,similarTo,848
832,similarTo,401
335,similarTo,863
1026,similarTo,960
801,similarTo,281
844,similarTo,196
803,similarTo,170
825,similarTo,748
658,similarTo,804
865,similarTo,196
861,similarTo,177
854,similarTo,359
835,similarTo,427
985,similarTo,991
818,similarTo,484
869,similarTo,749
776,similarTo,846
816,similarTo,7
826,similarTo,861
823,similarTo,874
494,similarTo,826
802,similarTo,795
824,similarTo,517
852,similarTo,605
808,similarTo,945
954,similarTo,799
1012,similarTo,964
863,similarTo,335
862,similarTo,564
852,similarTo,778
854,similarTo,359
846,similarTo,627
818,similarTo,0
889,similarTo,606
985,similarTo,999
873,similarTo,231
847,similarTo,536
804,similarTo,350
643,similarTo,873
857,similarTo,830
882,similarTo,856
1002,similarTo,981
99,similarTo,851
808,similarTo,945
885,similarTo,232
804,similarTo,291
819,similarTo,114
908,similarTo,853
820,similarTo,5
798,similarTo,478
833,similarTo,233
852,similarTo,140
592,similarTo,832
827,similarTo,893
861,similarTo,681
804,similarTo,291
851,similarTo,414
865,similarTo,581
869,similarTo,297
843,similarTo,371
857,similarTo,700
72,similarTo,885
975,similarTo,997
484,similarTo,818
665,similarTo,863
818,similarTo,713
241,similarTo,869
855,similarTo,318
853,similarTo,9
864,similarTo,328
965,similarTo,273
880,similarTo,692
513,similarTo,816
868,similarTo,289
852,similarTo,465
854,similarTo,313
866,similarTo,917
839,similarTo,129
446,similarTo,855
885,similarTo,935
328,similarTo,864
677,similarTo,820
308,similarTo,832
808,similarTo,498
1005,similarTo,997
746,similarTo,870
806,similarTo,93
822,similarTo,84
860,similarTo,491
806,similarTo,243
852,similarTo,150
844,similarTo,926
814,similarTo,909
1028,similarTo,1006
809,similarTo,712
821,similarTo,119
798,similarTo,420
346,similarTo,833
476,similarTo,845
148,similarTo,848
816,similarTo,349
803,similarTo,506
851,similarTo,598
856,similarTo,784
798,similarTo,392
527,similarTo,883
660,similarTo,866
859,similarTo,622
802,similarTo,723
962,similarTo,1037
881,similarTo,874
880,similarTo,874
840,similarTo,379
485,similarTo,873
861,similarTo,679
344,similarTo,878
852,similarTo,340
844,similarTo,576
859,similarTo,276
873,similarTo,202
84,similarTo,822
848,similarTo,360
806,similarTo,424
829,similarTo,905
841,similarTo,510
805,similarTo,309
873,similarTo,643
876,similarTo,2
820,similarTo,56
819,similarTo,509
808,similarTo,159
266,similarTo,858
857,similarTo,252
1028,similarTo,983
984,similarTo,981
505,similarTo,830
814,similarTo,439
960,similarTo,1026
820,similarTo,576
852,similarTo,562
644,similarTo,861
833,similarTo,429
822,similarTo,553
832,similarTo,488
870,similarTo,651
985,similarTo,991
539,similarTo,857
313,similarTo,854
861,similarTo,682
800,similarTo,396
798,similarTo,719
618,similarTo,817
834,similarTo,576
997,similarTo,987
227,similarTo,873
1012,similarTo,964
879,similarTo,741
801,similarTo,759
861,similarTo,679
840,similarTo,172
862,similarTo,206
881,similarTo,856
1012,similarTo,1004
838,similarTo,609
877,similarTo,75
600,similarTo,813
809,similarTo,68
804,similarTo,350
819,similarTo,409
884,similarTo,311
970,similarTo,1012
812,similarTo,30
960,similarTo,1022
807,similarTo,632
883,similarTo,255
123,similarTo,839
858,similarTo,663
849,similarTo,45
821,similarTo,119
813,similarTo,924
810,similarTo,447
846,similarTo,656
803,similarTo,145
880,similarTo,717
825,similarTo,583
985,similarTo,1031
981,similarTo,1030
848,similarTo,299
870,similarTo,674
859,similarTo,947
56,similarTo,820
802,similarTo,785
806,similarTo,689
800,similarTo,378
668,similarTo,840
844,similarTo,956
830,similarTo,904
439,similarTo,814
801,similarTo,254
862,similarTo,283
851,similarTo,99
832,similarTo,592
848,similarTo,477
1025,similarTo,968
702,similarTo,798
849,similarTo,554
826,similarTo,552
874,similarTo,880
824,similarTo,797
835,similarTo,732
863,similarTo,657
832,similarTo,417
596,similarTo,866
826,similarTo,871
801,similarTo,707
873,similarTo,550
981,similarTo,972
839,similarTo,222
326,similarTo,848
873,similarTo,595
861,similarTo,200
153,similarTo,814
878,similarTo,475
639,similarTo,825
962,similarTo,960
815,similarTo,535
839,similarTo,407
572,similarTo,840
628,similarTo,875
214,similarTo,832
911,similarTo,854
803,similarTo,365
726,similarTo,889
960,similarTo,1000
395,similarTo,885
822,similarTo,890
877,similarTo,510
827,similarTo,626
1020,similarTo,962
805,similarTo,309
808,similarTo,200
822,similarTo,84
861,similarTo,81
590,similarTo,802
838,similarTo,732
840,similarTo,150
859,similarTo,688
829,similarTo,127
825,similarTo,639
501,similarTo,864
846,similarTo,216
854,similarTo,200
848,similarTo,794
883,similarTo,142
816,similarTo,347
840,similarTo,782
798,similarTo,520
883,similarTo,624
857,similarTo,736
856,similarTo,920
704,similarTo,864
729,similarTo,830
819,similarTo,166
824,similarTo,532
825,similarTo,356
124,similarTo,822
817,similarTo,357
40,similarTo,862
852,similarTo,778
508,similarTo,826
263,similarTo,876
808,similarTo,538
801,similarTo,412
796,similarTo,810
869,similarTo,29
819,similarTo,469
977,similarTo,993
821,similarTo,285
83,similarTo,808
830,similarTo,235
855,similarTo,200
853,similarTo,908
234,similarTo,848
801,similarTo,200
818,similarTo,504
885,similarTo,208
647,similarTo,799
844,similarTo,837
829,similarTo,732
849,similarTo,45
817,similarTo,67
1015,similarTo,1025
31,similarTo,826
854,similarTo,151
858,similarTo,663
823,similarTo,674
962,similarTo,1018
860,similarTo,491
165,similarTo,835
814,similarTo,912
838,similarTo,920
666,similarTo,827
581,similarTo,865
92,similarTo,848
862,similarTo,302
834,similarTo,573
985,similarTo,1008
873,similarTo,485
829,similarTo,940
861,similarTo,681
810,similarTo,577
857,similarTo,834
880,similarTo,169
804,similarTo,16
960,similarTo,273
645,similarTo,808
348,similarTo,802
813,similarTo,667
957,similarTo,960
813,similarTo,205
870,similarTo,874
826,similarTo,952
815,similarTo,483
820,similarTo,568
857,similarTo,410
295,similarTo,804
855,similarTo,542
813,similarTo,325
814,similarTo,480
803,similarTo,212
893,similarTo,827
819,similarTo,509
876,similarTo,459
845,similarTo,473
878,similarTo,195
814,similarTo,769
829,similarTo,835
828,similarTo,127
809,similarTo,758
933,similarTo,806
798,similarTo,58
850,similarTo,220
623,similarTo,804
810,similarTo,499
832,similarTo,444
330,similarTo,832
261,similarTo,798
828,similarTo,905
981,similarTo,972
819,similarTo,85
42,similarTo,804
957,similarTo,1022
824,similarTo,517
372,similarTo,846
856,similarTo,525
804,similarTo,698
846,similarTo,612
475,similarTo,878
804,similarTo,690
821,similarTo,530
869,similarTo,197
733,similarTo,851
882,similarTo,186
839,similarTo,129
427,similarTo,835
113,similarTo,808
811,similarTo,274
846,similarTo,481
269,similarTo,815
490,similarTo,868
857,similarTo,687
840,similarTo,788
833,similarTo,280
985,similarTo,989
835,similarTo,576
811,similarTo,338
827,similarTo,893
802,similarTo,621
848,similarTo,257
813,similarTo,141
962,similarTo,1010
813,similarTo,486
206,similarTo,862
818,similarTo,237
848,similarTo,299
858,similarTo,377
846,similarTo,671
1025,similarTo,1016
813,similarTo,868
820,similarTo,642
886,similarTo,69
824,similarTo,567
805,similarTo,210
813,similarTo,137
826,similarTo,128
802,similarTo,457
885,similarTo,39
823,similarTo,293
884,similarTo,156
317,similarTo,819
861,similarTo,177
96,similarTo,883
799,similarTo,954
945,similarTo,808
652,similarTo,832
817,similarTo,618
706,similarTo,873
868,similarTo,797
94,similarTo,805
813,similarTo,503
826,similarTo,298
830,similarTo,505
426,similarTo,820
384,similarTo,825
802,similarTo,176
664,similarTo,845
839,similarTo,560
840,similarTo,588
799,similarTo,617
834,similarTo,829
853,similarTo,674
60,similarTo,814
878,similarTo,344
818,similarTo,504
864,similarTo,333
850,similarTo,303
634,similarTo,825
805,similarTo,752
846,similarTo,244
840,similarTo,547
301,similarTo,806
842,similarTo,510
117,similarTo,845
812,similarTo,63
861,similarTo,973
700,similarTo,857
889,similarTo,51
588,similarTo,840
830,similarTo,455
114,similarTo,819
821,similarTo,200
867,similarTo,27
823,similarTo,159
850,similarTo,59
985,similarTo,1001
820,similarTo,442
857,similarTo,207
808,similarTo,397
554,similarTo,849
818,similarTo,789
495,similarTo,802
132,similarTo,835
863,similarTo,204
798,similarTo,160
810,similarTo,121
534,similarTo,832
962,similarTo,185
840,similarTo,668
981,similarTo,1029
698,similarTo,804
851,similarTo,99
840,similarTo,302
861,similarTo,672
861,similarTo,686
681,similarTo,861
804,similarTo,471
835,similarTo,786
872,similarTo,957
379,similarTo,840
810,similarTo,70
816,similarTo,421
855,similarTo,446
845,similarTo,673
255,similarTo,883
839,similarTo,633
816,similarTo,82
809,similarTo,200
575,similarTo,808
987,similarTo,997
834,similarTo,236
540,similarTo,835
839,similarTo,355
805,similarTo,188
487,similarTo,889
721,similarTo,818
489,similarTo,798
806,similarTo,951
808,similarTo,645
867,similarTo,820
845,similarTo,213
866,similarTo,441
896,similarTo,852
988,similarTo,981
826,similarTo,790
821,similarTo,391
803,similarTo,270
825,similarTo,634
1012,similarTo,1004
385,similarTo,803
840,similarTo,422
818,similarTo,381
963,similarTo,978
146,similarTo,832
833,similarTo,36
854,similarTo,155
816,similarTo,849
822,similarTo,582
830,similarTo,738
856,similarTo,187
846,similarTo,400
873,similarTo,157
211,similarTo,803
306,similarTo,868
1025,similarTo,967
854,similarTo,911
917,similarTo,866
825,similarTo,408
830,similarTo,729
861,similarTo,644
808,similarTo,772
805,similarTo,224
838,similarTo,844
852,similarTo,54
545,similarTo,854
804,similarTo,189
249,similarTo,856
927,similarTo,852
854,similarTo,125
832,similarTo,193
867,similarTo,242
852,similarTo,246
884,similarTo,676
556,similarTo,873
852,similarTo,605
820,similarTo,636
807,similarTo,771
812,similarTo,116
1012,similarTo,1001
798,similarTo,702
821,similarTo,479
1025,similarTo,968
855,similarTo,30
833,similarTo,239
845,similarTo,578
844,similarTo,829
813,similarTo,653
38,similarTo,858
808,similarTo,397
860,similarTo,44
848,similarTo,92
856,similarTo,695
846,similarTo,358
802,similarTo,754
813,similarTo,728
837,similarTo,904
851,similarTo,199
363,similarTo,847
907,similarTo,827
466,similarTo,805
832,similarTo,652
819,similarTo,678
882,similarTo,541
785,similarTo,802
867,similarTo,416
819,similarTo,85
880,similarTo,566
834,similarTo,26
859,similarTo,160
802,similarTo,754
860,similarTo,4
813,similarTo,936
808,similarTo,135
814,similarTo,143
821,similarTo,278
861,similarTo,686
825,similarTo,375
825,similarTo,52
875,similarTo,875
811,similarTo,809
882,similarTo,429
676,similarTo,884
814,similarTo,497
826,similarTo,722
826,similarTo,460
808,similarTo,756
858,similarTo,147
182,similarTo,813
873,similarTo,157
769,similarTo,814
825,similarTo,408
830,similarTo,680
848,similarTo,477
823,similarTo,79
998,similarTo,1025
770,similarTo,884
671,similarTo,846
142,similarTo,883
814,similarTo,537
829,similarTo,815
833,similarTo,215
837,similarTo,288
849,similarTo,425
881,similarTo,586
866,similarTo,596
66,similarTo,799
855,similarTo,174
805,similarTo,94
816,similarTo,641
281,similarTo,801
840,similarTo,404
857,similarTo,619
856,similarTo,158
861,similarTo,15
855,similarTo,312
878,similarTo,47
864,similarTo,864
157,similarTo,873
860,similarTo,381
847,similarTo,705
304,similarTo,805
204,similarTo,863
798,similarTo,719
865,similarTo,871
820,similarTo,601
646,similarTo,840
164,similarTo,803
873,similarTo,55
885,similarTo,395
375,similarTo,825
808,similarTo,253
862,similarTo,283
834,similarTo,430
819,similarTo,720
195,similarTo,878
1028,similarTo,986
864,similarTo,674
805,similarTo,608
4,similarTo,860
976,similarTo,1027
870,similarTo,433
903,similarTo,856
962,similarTo,1037
869,similarTo,749
808,similarTo,518
804,similarTo,275
807,similarTo,376
798,similarTo,489
958,similarTo,1028
832,similarTo,193
804,similarTo,613
802,similarTo,11
754,similarTo,802
821,similarTo,468
416,similarTo,867
808,similarTo,413
813,similarTo,428
847,similarTo,363
587,similarTo,834
985,similarTo,995
880,similarTo,692
898,similarTo,846
548,similarTo,865
802,similarTo,50
852,similarTo,899
846,similarTo,358
433,similarTo,870
924,similarTo,813
848,similarTo,516
799,similarTo,647
839,similarTo,662
805,similarTo,691
81,similarTo,861
839,similarTo,781
882,similarTo,701
550,similarTo,873
834,similarTo,905
386,similarTo,875
825,similarTo,931
889,similarTo,594
820,similarTo,636
902,similarTo,866
364,similarTo,854
885,similarTo,614
147,similarTo,858
858,similarTo,449
863,similarTo,511
264,similarTo,817
815,similarTo,28
978,similarTo,95
826,similarTo,128
868,similarTo,799
800,similarTo,507
837,similarTo,844
881,similarTo,200
870,similarTo,217
737,similarTo,845
804,similarTo,623
848,similarTo,474
459,similarTo,876
835,similarTo,540
36,similarTo,833
813,similarTo,182
808,similarTo,246
804,similarTo,690
826,similarTo,620
1028,similarTo,1021
873,similarTo,706
418,similarTo,855
853,similarTo,913
856,similarTo,437
841,similarTo,131
816,similarTo,887
547,similarTo,840
798,similarTo,812
805,similarTo,188
840,similarTo,14
316,similarTo,811
892,similarTo,798
177,similarTo,861
889,similarTo,487
856,similarTo,829
339,similarTo,861
883,similarTo,96
1025,similarTo,1017
960,similarTo,1036
873,similarTo,753
696,similarTo,889
816,similarTo,163
141,similarTo,813
1025,similarTo,1015
98,similarTo,885
845,similarTo,737
612,similarTo,846
803,similarTo,385
820,similarTo,830
820,similarTo,56
805,similarTo,304
845,similarTo,48
873,similarTo,319
861,similarTo,598
212,similarTo,803
852,similarTo,927
846,similarTo,144
521,similarTo,853
860,similarTo,599
493,similarTo,848
802,similarTo,734
453,similarTo,832
889,similarTo,726
691,similarTo,805
856,similarTo,249
808,similarTo,645
996,similarTo,976
851,similarTo,34
856,similarTo,904
699,similarTo,808
825,similarTo,639
810,similarTo,757
877,similarTo,563
651,similarTo,870
291,similarTo,804
830,similarTo,35
192,similarTo,823
613,similarTo,804
830,similarTo,835
976,similarTo,996
866,similarTo,902
804,similarTo,295
422,similarTo,840
878,similarTo,542
187,similarTo,856
834,similarTo,920
803,similarTo,118
857,similarTo,828
872,similarTo,835
831,similarTo,942
799,similarTo,670
175,similarTo,814
805,similarTo,584
814,similarTo,914
807,similarTo,502
807,similarTo,632
850,similarTo,138
799,similarTo,523
826,similarTo,324
824,similarTo,87
815,similarTo,829
876,similarTo,443
1021,similarTo,1028
962,similarTo,1018
869,similarTo,251
978,similarTo,1024
230,similarTo,855
817,similarTo,618
811,similarTo,577
52,similarTo,825
834,similarTo,587
823,similarTo,10
819,similarTo,526
929,similarTo,827
843,similarTo,563
832,similarTo,724
1028,similarTo,959
865,similarTo,548
814,similarTo,178
836,similarTo,844
799,similarTo,64
997,similarTo,1005
850,similarTo,245
574,similarTo,854
846,similarTo,369
838,similarTo,242
878,similarTo,649
826,similarTo,80
832,similarTo,209
799,similarTo,201
962,similarTo,966
865,similarTo,576
844,similarTo,579
832,similarTo,895
868,similarTo,352
823,similarTo,921
1013,similarTo,981
981,similarTo,960
839,similarTo,685
178,similarTo,814
1032,similarTo,997
845,similarTo,664
823,similarTo,787
887,similarTo,198
834,similarTo,904
875,similarTo,697
140,similarTo,852
461,similarTo,813
855,similarTo,100
801,similarTo,248
820,similarTo,920
1037,similarTo,962
832,similarTo,592
826,similarTo,552
858,similarTo,763
962,similarTo,982
848,similarTo,326
848,similarTo,92
873,similarTo,777
846,similarTo,112
832,similarTo,105
452,similarTo,804
799,similarTo,103
879,similarTo,238
1012,similarTo,980
817,similarTo,18
840,similarTo,198
816,similarTo,412
833,similarTo,233
415,similarTo,840
809,similarTo,32
851,similarTo,616
861,similarTo,81
814,similarTo,769
839,similarTo,496
852,similarTo,390
802,similarTo,590
884,similarTo,676
832,similarTo,330
781,similarTo,839
861,similarTo,104
856,similarTo,903
819,similarTo,708
1025,similarTo,998
978,similarTo,963
845,similarTo,664
798,similarTo,716
504,similarTo,818
798,similarTo,95
816,similarTo,71
840,similarTo,415
960,similarTo,1026
663,similarTo,858
826,similarTo,460
809,similarTo,757
247,similarTo,798
856,similarTo,76
858,similarTo,185
819,similarTo,114
823,similarTo,791
830,similarTo,729
816,similarTo,82
840,similarTo,547
815,similarTo,904
815,similarTo,655
825,similarTo,356
21,similarTo,813
855,similarTo,41
860,similarTo,761
849,similarTo,265
1028,similarTo,1011
835,similarTo,242
824,similarTo,258
807,similarTo,515
845,similarTo,312
826,similarTo,790
814,similarTo,537
728,similarTo,813
832,similarTo,330
707,similarTo,801
867,similarTo,952
389,similarTo,801
798,similarTo,743
851,similarTo,118
827,similarTo,666
805,similarTo,345
829,similarTo,857
876,similarTo,263
859,similarTo,108
855,similarTo,110
841,similarTo,380
879,similarTo,238
817,similarTo,637
469,similarTo,819
834,similarTo,844
531,similarTo,856
863,similarTo,511
39,similarTo,885
605,similarTo,852
870,similarTo,950
880,similarTo,470
1028,similarTo,958
798,similarTo,716
799,similarTo,617
620,similarTo,826
820,similarTo,677
350,similarTo,804
28,similarTo,815
876,similarTo,570
808,similarTo,253
876,similarTo,2
930,similarTo,870
846,similarTo,768
851,similarTo,528
817,similarTo,661
804,similarTo,189
167,similarTo,875
833,similarTo,830
850,similarTo,138
816,similarTo,886
844,similarTo,405
403,similarTo,874
856,similarTo,531
713,similarTo,818
873,similarTo,227
817,similarTo,661
868,similarTo,764
862,similarTo,638
1025,similarTo,1015
703,similarTo,863
981,similarTo,1029
852,similarTo,899
844,similarTo,834
985,similarTo,995
810,similarTo,387
872,similarTo,920
327,similarTo,802
840,similarTo,580
365,similarTo,803
3,similarTo,809
863,similarTo,665
798,similarTo,702
807,similarTo,710
538,similarTo,808
850,similarTo,314
813,similarTo,955
803,similarTo,122
806,similarTo,424
824,similarTo,1
821,similarTo,479
815,similarTo,483
993,similarTo,977
180,similarTo,805
803,similarTo,8
844,similarTo,236
882,similarTo,186
844,similarTo,905
804,similarTo,623
858,similarTo,377
41,similarTo,855
819,similarTo,678
216,similarTo,846
71,similarTo,816
858,similarTo,38
795,similarTo,802
980,similarTo,1012
43,similarTo,855
833,similarTo,215
840,similarTo,886
815,similarTo,366
814,similarTo,78
